{
  "embedding_completion": {
    "last_5": 0.2640835200203583,
    "last_10": 0.2784014299977571,
    "all_time": 0.2892749999954937
  },
  "grading_completion": {
    "last_5": 5.632415520003997,
    "last_10": 6.81618590002181,
    "all_time": 7.451944153842469
  },
  "grading_dataset_score": {
    "last_5": 8.42,
    "last_10": 8.28,
    "all_time": 8.383333333333333
  },
  "ingest_api": {
    "last_5": 6.136482119979337,
    "last_10": 5.936754889972508,
    "all_time": 5.982015341164216
  },
  "chat_completion": {
    "last_5": 364.040656139981,
    "last_10": 245.99927764999447,
    "all_time": 148.45360912379277
  },
  "api_cost": {
    "usd_total": 0.3749226,
    "tokens_total": 346528,
    "by_model": {
      "google/gemini-2.5-flash": {
        "usd_total": 0.1750915,
        "tokens_total": 169745,
        "calls": 32
      },
      "z-ai/glm-5": {
        "usd_total": 0.1738501,
        "tokens_total": 97966,
        "calls": 20
      },
      "bytedance-seed/seed-2.0-mini": {
        "usd_total": 0.025981,
        "tokens_total": 78817,
        "calls": 11
      }
    },
    "by_dataset": {
      "Common mistakes developers make when implementing authentication and authorization": {
        "usd_total": 0.07337925,
        "tokens_total": 70323,
        "calls": 15
      },
      "Understanding memory management and garbage collection in Python": {
        "usd_total": 0.06636205,
        "tokens_total": 65022,
        "calls": 16
      },
      "Common misconceptions about async programming in Python": {
        "usd_total": 0.0558286,
        "tokens_total": 51572,
        "calls": 12
      },
      "Refactoring poorly written Python code for readability and performance": {
        "usd_total": 0.0651467,
        "tokens_total": 66638,
        "calls": 10
      },
      "Designing RESTful APIs that are intuitive and maintainable": {
        "usd_total": 0.114206,
        "tokens_total": 92973,
        "calls": 10
      }
    }
  },
  "naming_completion": {
    "last_5": 27.355584360007196,
    "last_10": 23.001460009999573,
    "all_time": 16.17949361666494
  }
}